Id,Skillfunction
1,Saga.Skills.Spelltable.MONSTER_NORMALATTACK
101,Saga.Skills.Spelltable.NOVICE_SHORTSWORD
201,Saga.Skills.Spelltable.SWORDMAN_LONGSWORD
301,Saga.Skills.Spelltable.ENCHANTER_SWORDSTICK
401,Saga.Skills.Spelltable.ENCHANTER_SWORDSTICK
501,Saga.Skills.Spelltable.RECRUIT_DAMPFLINT
601,Saga.Skills.Spelltable.RECRUIT_DAMPFLINT
6001,Saga.Skills.Spelltable.GENERAL_PROMISESTONE
6201,Saga.Skills.Spelltable.GENERAL_ITEMQUESTSTART
400001,Saga.Skills.Spelltable.GENERAL_REDPOTION
400002,Saga.Skills.Spelltable.GENERAL_REDPOTION
400003,Saga.Skills.Spelltable.GENERAL_REDPOTION
400004,Saga.Skills.Spelltable.GENERAL_REDPOTION
400101,Saga.Skills.Spelltable.GENERAL_YELLOWPOTION
400102,Saga.Skills.Spelltable.GENERAL_YELLOWPOTION
400103,Saga.Skills.Spelltable.GENERAL_YELLOWPOTION
400104,Saga.Skills.Spelltable.GENERAL_YELLOWPOTION
401001,Saga.Skills.Spelltable.GENERAL_WHITEPOTION
401002,Saga.Skills.Spelltable.GENERAL_WHITEPOTION
401003,Saga.Skills.Spelltable.GENERAL_WHITEPOTION
401004,Saga.Skills.Spelltable.GENERAL_WHITEPOTION
401101,Saga.Skills.Spelltable.GENERAL_TRANSPARANTPOTION
401102,Saga.Skills.Spelltable.GENERAL_TRANSPARANTPOTION
401103,Saga.Skills.Spelltable.GENERAL_TRANSPARANTPOTION
401201,Saga.Skills.Spelltable.GENERAL_BLUEPOTION
401202,Saga.Skills.Spelltable.GENERAL_BLUEPOTION
401203,Saga.Skills.Spelltable.GENERAL_BLUEPOTION
401204,Saga.Skills.Spelltable.GENERAL_BLUEPOTION
402001,Saga.Skills.Spelltable.GENERAL_STATPOTION
402002,Saga.Skills.Spelltable.GENERAL_STATPOTION
402003,Saga.Skills.Spelltable.GENERAL_STATPOTION
402101,Saga.Skills.Spelltable.GENERAL_STATPOTION
402102,Saga.Skills.Spelltable.GENERAL_STATPOTION
402103,Saga.Skills.Spelltable.GENERAL_STATPOTION
402201,Saga.Skills.Spelltable.GENERAL_STATPOTION
402202,Saga.Skills.Spelltable.GENERAL_STATPOTION
402203,Saga.Skills.Spelltable.GENERAL_STATPOTION
402301,Saga.Skills.Spelltable.GENERAL_STATPOTION
402401,Saga.Skills.Spelltable.GENERAL_STATPOTION
402402,Saga.Skills.Spelltable.GENERAL_STATPOTION
402801,Saga.Skills.Spelltable.GENERAL_WINDPOTION
403201,Saga.Skills.Spelltable.GENERAL_STATPOTION2
403301,Saga.Skills.Spelltable.GENERAL_STATPOTION2
403401,Saga.Skills.Spelltable.GENERAL_STATPOTION2
403501,Saga.Skills.Spelltable.GENERAL_STATPOTION2
403601,Saga.Skills.Spelltable.GENERAL_STATPOTION2
403701,Saga.Skills.Spelltable.GENERAL_ADVENTURERPOTION
406001,Saga.Skills.Spelltable.GENERAL_POTION
406101,Saga.Skills.Spelltable.GENERAL_POTION
406201,Saga.Skills.Spelltable.GENERAL_POTION
406301,Saga.Skills.Spelltable.GENERAL_POTION
406401,Saga.Skills.Spelltable.GENERAL_COFFEEMILK
406601,Saga.Skills.Spelltable.GENERAL_COFFEEMILK
406701,Saga.Skills.Spelltable.GENERAL_COFFEEMILK
406801,Saga.Skills.Spelltable.GENERAL_SWEETCOCTAIL
500101,Saga.Skills.Spelltable.GENERAL_EMOTICON
1427703,Saga.Skills.Spelltable.RECRUIT_FREEZINGSHOT
1427704,Saga.Skills.Spelltable.RECRUIT_FREEZINGSHOT
1427705,Saga.Skills.Spelltable.RECRUIT_FREEZINGSHOT
1427706,Saga.Skills.Spelltable.RECRUIT_FREEZINGSHOT
1427707,Saga.Skills.Spelltable.RECRUIT_FREEZINGSHOT
1427708,Saga.Skills.Spelltable.RECRUIT_FREEZINGSHOT
1427709,Saga.Skills.Spelltable.RECRUIT_FREEZINGSHOT
1427710,Saga.Skills.Spelltable.RECRUIT_FREEZINGSHOT
1427711,Saga.Skills.Spelltable.RECRUIT_FREEZINGSHOT
1427801,Saga.Skills.Spelltable.RECRUIT_LURINGSHOT
1427802,Saga.Skills.Spelltable.RECRUIT_LURINGSHOT
1437107,Saga.Skills.Spelltable.THIEF_FATALCONTRACT
1437108,Saga.Skills.Spelltable.THIEF_FATALCONTRACT
1437109,Saga.Skills.Spelltable.THIEF_FATALCONTRACT
1437110,Saga.Skills.Spelltable.THIEF_FATALCONTRACT
1437111,Saga.Skills.Spelltable.THIEF_FATALCONTRACT
1447904,Saga.Skills.Spelltable.ENCHANTER_WEAPONBLESSING
1447905,Saga.Skills.Spelltable.ENCHANTER_WEAPONBLESSING
1447906,Saga.Skills.Spelltable.ENCHANTER_WEAPONBLESSING
1448001,Saga.Skills.Spelltable.ENCHANTER_ARMORBLESSING
1448002,Saga.Skills.Spelltable.ENCHANTER_ARMORBLESSING
1448003,Saga.Skills.Spelltable.ENCHANTER_ARMORBLESSING
1448004,Saga.Skills.Spelltable.ENCHANTER_ARMORBLESSING
1448005,Saga.Skills.Spelltable.ENCHANTER_ARMORBLESSING
1448006,Saga.Skills.Spelltable.ENCHANTER_ARMORBLESSING
1448101,Saga.Skills.Spelltable.ENCHANTER_ICERESISTANCE
1448102,Saga.Skills.Spelltable.ENCHANTER_ICERESISTANCE
500201,Saga.Skills.Spelltable.GENERAL_EMOTICON
500301,Saga.Skills.Spelltable.GENERAL_EMOTICON
500401,Saga.Skills.Spelltable.GENERAL_EMOTICON
500501,Saga.Skills.Spelltable.GENERAL_EMOTICON
500601,Saga.Skills.Spelltable.GENERAL_EMOTICON
500701,Saga.Skills.Spelltable.GENERAL_EMOTICON
500801,Saga.Skills.Spelltable.GENERAL_EMOTICON
500901,Saga.Skills.Spelltable.GENERAL_EMOTICON
501001,Saga.Skills.Spelltable.GENERAL_EMOTICON
501101,Saga.Skills.Spelltable.GENERAL_EMOTICON
501201,Saga.Skills.Spelltable.GENERAL_EMOTICON
501301,Saga.Skills.Spelltable.GENERAL_EMOTICON
501401,Saga.Skills.Spelltable.GENERAL_EMOTICON
501501,Saga.Skills.Spelltable.GENERAL_EMOTICON
501601,Saga.Skills.Spelltable.GENERAL_EMOTICON
501701,Saga.Skills.Spelltable.GENERAL_EMOTICON
501801,Saga.Skills.Spelltable.GENERAL_EMOTICON
501901,Saga.Skills.Spelltable.GENERAL_EMOTICON
502001,Saga.Skills.Spelltable.GENERAL_EMOTICON
502101,Saga.Skills.Spelltable.GENERAL_EMOTICON
502201,Saga.Skills.Spelltable.GENERAL_EMOTICON
502301,Saga.Skills.Spelltable.GENERAL_EMOTICON
502401,Saga.Skills.Spelltable.GENERAL_EMOTICON
502501,Saga.Skills.Spelltable.GENERAL_EMOTICON
502601,Saga.Skills.Spelltable.GENERAL_EMOTICON
502701,Saga.Skills.Spelltable.GENERAL_EMOTICON
502801,Saga.Skills.Spelltable.GENERAL_EMOTICON
502901,Saga.Skills.Spelltable.GENERAL_EMOTICON
503001,Saga.Skills.Spelltable.GENERAL_EMOTICON
503101,Saga.Skills.Spelltable.GENERAL_EMOTICON
503201,Saga.Skills.Spelltable.GENERAL_EMOTICON
503301,Saga.Skills.Spelltable.GENERAL_EMOTICON
503401,Saga.Skills.Spelltable.GENERAL_EMOTICON
503501,Saga.Skills.Spelltable.GENERAL_EMOTICON
503601,Saga.Skills.Spelltable.GENERAL_EMOTICON
503801,Saga.Skills.Spelltable.GENERAL_EMOTICON
503901,Saga.Skills.Spelltable.GENERAL_EMOTICON
504001,Saga.Skills.Spelltable.GENERAL_EMOTICON
504101,Saga.Skills.Spelltable.GENERAL_EMOTICON
504201,Saga.Skills.Spelltable.GENERAL_EMOTICON
504301,Saga.Skills.Spelltable.GENERAL_EMOTICON
504401,Saga.Skills.Spelltable.GENERAL_EMOTICON
504501,Saga.Skills.Spelltable.GENERAL_EMOTICON
504601,Saga.Skills.Spelltable.GENERAL_EMOTICON
504701,Saga.Skills.Spelltable.GENERAL_EMOTICON
504801,Saga.Skills.Spelltable.GENERAL_EMOTICON
504901,Saga.Skills.Spelltable.GENERAL_EMOTICON
505001,Saga.Skills.Spelltable.GENERAL_EMOTICON
505101,Saga.Skills.Spelltable.GENERAL_EMOTICON
505201,Saga.Skills.Spelltable.GENERAL_EMOTICON
505301,Saga.Skills.Spelltable.GENERAL_EMOTICON
505401,Saga.Skills.Spelltable.GENERAL_EMOTICON
505501,Saga.Skills.Spelltable.GENERAL_EMOTICON
505601,Saga.Skills.Spelltable.GENERAL_EMOTICON
505701,Saga.Skills.Spelltable.GENERAL_EMOTICON
505801,Saga.Skills.Spelltable.GENERAL_EMOTICON
505901,Saga.Skills.Spelltable.GENERAL_EMOTICON
506001,Saga.Skills.Spelltable.GENERAL_EMOTICON
506101,Saga.Skills.Spelltable.GENERAL_EMOTICON
506201,Saga.Skills.Spelltable.GENERAL_EMOTICON
506301,Saga.Skills.Spelltable.GENERAL_EMOTICON
506401,Saga.Skills.Spelltable.GENERAL_EMOTICON
506501,Saga.Skills.Spelltable.GENERAL_EMOTICON
506601,Saga.Skills.Spelltable.GENERAL_EMOTICON
506701,Saga.Skills.Spelltable.GENERAL_EMOTICON
506801,Saga.Skills.Spelltable.GENERAL_EMOTICON
506901,Saga.Skills.Spelltable.GENERAL_EMOTICON
507001,Saga.Skills.Spelltable.GENERAL_EMOTICON
700101,Saga.Skills.Spelltable.GENERAL_OPENBOX
1407401,Saga.Skills.Spelltable.NOVICE_QUICKHIT
1407402,Saga.Skills.Spelltable.NOVICE_QUICKHIT
1407403,Saga.Skills.Spelltable.NOVICE_QUICKHIT
1407404,Saga.Skills.Spelltable.NOVICE_QUICKHIT
1407405,Saga.Skills.Spelltable.NOVICE_QUICKHIT
1407406,Saga.Skills.Spelltable.NOVICE_QUICKHIT
1407407,Saga.Skills.Spelltable.NOVICE_QUICKHIT
1407408,Saga.Skills.Spelltable.NOVICE_QUICKHIT
1407409,Saga.Skills.Spelltable.NOVICE_QUICKHIT
1407410,Saga.Skills.Spelltable.NOVICE_QUICKHIT
1407411,Saga.Skills.Spelltable.NOVICE_QUICKHIT
1407412,Saga.Skills.Spelltable.NOVICE_QUICKHIT
1407413,Saga.Skills.Spelltable.NOVICE_QUICKHIT
1407414,Saga.Skills.Spelltable.NOVICE_QUICKHIT
1407415,Saga.Skills.Spelltable.NOVICE_QUICKHIT
1407416,Saga.Skills.Spelltable.NOVICE_QUICKHIT
1407417,Saga.Skills.Spelltable.NOVICE_QUICKHIT
1407418,Saga.Skills.Spelltable.NOVICE_QUICKHIT
1407419,Saga.Skills.Spelltable.NOVICE_QUICKHIT
1407420,Saga.Skills.Spelltable.NOVICE_QUICKHIT
1407501,Saga.Skills.Spelltable.NOVICE_IMPROVEDCOMBO
1407502,Saga.Skills.Spelltable.NOVICE_IMPROVEDCOMBO
1407503,Saga.Skills.Spelltable.NOVICE_IMPROVEDCOMBO
1407504,Saga.Skills.Spelltable.NOVICE_IMPROVEDCOMBO
1407505,Saga.Skills.Spelltable.NOVICE_IMPROVEDCOMBO
1407506,Saga.Skills.Spelltable.NOVICE_IMPROVEDCOMBO
1407507,Saga.Skills.Spelltable.NOVICE_IMPROVEDCOMBO
1407508,Saga.Skills.Spelltable.NOVICE_IMPROVEDCOMBO
1407509,Saga.Skills.Spelltable.NOVICE_IMPROVEDCOMBO
1407510,Saga.Skills.Spelltable.NOVICE_IMPROVEDCOMBO
1407511,Saga.Skills.Spelltable.NOVICE_IMPROVEDCOMBO
1407601,Saga.Skills.Spelltable.NOVICE_INSIGHTSTRIKE
1407602,Saga.Skills.Spelltable.NOVICE_INSIGHTSTRIKE
1407603,Saga.Skills.Spelltable.NOVICE_INSIGHTSTRIKE
1407604,Saga.Skills.Spelltable.NOVICE_INSIGHTSTRIKE
1407605,Saga.Skills.Spelltable.NOVICE_INSIGHTSTRIKE
1407606,Saga.Skills.Spelltable.NOVICE_INSIGHTSTRIKE
1407607,Saga.Skills.Spelltable.NOVICE_INSIGHTSTRIKE
1407608,Saga.Skills.Spelltable.NOVICE_INSIGHTSTRIKE
1407609,Saga.Skills.Spelltable.NOVICE_INSIGHTSTRIKE
1407610,Saga.Skills.Spelltable.NOVICE_INSIGHTSTRIKE
1407611,Saga.Skills.Spelltable.NOVICE_INSIGHTSTRIKE
1407701,Saga.Skills.Spelltable.NOVICE_POWERSTRIKE
1407702,Saga.Skills.Spelltable.NOVICE_POWERSTRIKE
1407703,Saga.Skills.Spelltable.NOVICE_POWERSTRIKE
1407704,Saga.Skills.Spelltable.NOVICE_POWERSTRIKE
1407705,Saga.Skills.Spelltable.NOVICE_POWERSTRIKE
1407706,Saga.Skills.Spelltable.NOVICE_POWERSTRIKE
1407707,Saga.Skills.Spelltable.NOVICE_POWERSTRIKE
1407708,Saga.Skills.Spelltable.NOVICE_POWERSTRIKE
1407709,Saga.Skills.Spelltable.NOVICE_POWERSTRIKE
1407710,Saga.Skills.Spelltable.NOVICE_POWERSTRIKE
1407101,Saga.Skills.Spelltable.NOVICE_TENSION
1407102,Saga.Skills.Spelltable.NOVICE_TENSION
1407103,Saga.Skills.Spelltable.NOVICE_TENSION
1407104,Saga.Skills.Spelltable.NOVICE_TENSION
1407105,Saga.Skills.Spelltable.NOVICE_TENSION
1407106,Saga.Skills.Spelltable.NOVICE_TENSION
1407107,Saga.Skills.Spelltable.NOVICE_TENSION
1407108,Saga.Skills.Spelltable.NOVICE_TENSION
1407109,Saga.Skills.Spelltable.NOVICE_TENSION
1407110,Saga.Skills.Spelltable.NOVICE_TENSION
1407901,Saga.Skills.Spelltable.NOVICE_ACTDEAD
1407902,Saga.Skills.Spelltable.NOVICE_ACTDEAD
1407903,Saga.Skills.Spelltable.NOVICE_ACTDEAD
1407904,Saga.Skills.Spelltable.NOVICE_ACTDEAD
1407905,Saga.Skills.Spelltable.NOVICE_ACTDEAD
1407906,Saga.Skills.Spelltable.NOVICE_ACTDEAD
1407907,Saga.Skills.Spelltable.NOVICE_ACTDEAD
1407908,Saga.Skills.Spelltable.NOVICE_ACTDEAD
1407909,Saga.Skills.Spelltable.NOVICE_ACTDEAD
1407910,Saga.Skills.Spelltable.NOVICE_ACTDEAD
1407001,Saga.Skills.Spelltable.NOVICE_MARTIALARTS
1417701,Saga.Skills.Spelltable.SWORDMAN_QUICKENATTACK
1417702,Saga.Skills.Spelltable.SWORDMAN_QUICKENATTACK
1417703,Saga.Skills.Spelltable.SWORDMAN_QUICKENATTACK
1417704,Saga.Skills.Spelltable.SWORDMAN_QUICKENATTACK
1417705,Saga.Skills.Spelltable.SWORDMAN_QUICKENATTACK
1417801,Saga.Skills.Spelltable.SWORDMAN_MOCKINGBLOW
1417802,Saga.Skills.Spelltable.SWORDMAN_MOCKINGBLOW
1417803,Saga.Skills.Spelltable.SWORDMAN_MOCKINGBLOW
1417804,Saga.Skills.Spelltable.SWORDMAN_MOCKINGBLOW
1417805,Saga.Skills.Spelltable.SWORDMAN_MOCKINGBLOW
1417806,Saga.Skills.Spelltable.SWORDMAN_MOCKINGBLOW
1418001,Saga.Skills.Spelltable.SWORDMAN_INTERNALINJURY
1418002,Saga.Skills.Spelltable.SWORDMAN_INTERNALINJURY
1418003,Saga.Skills.Spelltable.SWORDMAN_INTERNALINJURY
1418004,Saga.Skills.Spelltable.SWORDMAN_INTERNALINJURY
1418005,Saga.Skills.Spelltable.SWORDMAN_INTERNALINJURY
1418006,Saga.Skills.Spelltable.SWORDMAN_INTERNALINJURY
1418007,Saga.Skills.Spelltable.SWORDMAN_INTERNALINJURY
1418008,Saga.Skills.Spelltable.SWORDMAN_INTERNALINJURY
1418009,Saga.Skills.Spelltable.SWORDMAN_INTERNALINJURY
1418010,Saga.Skills.Spelltable.SWORDMAN_INTERNALINJURY
1418011,Saga.Skills.Spelltable.SWORDMAN_INTERNALINJURY
1418101,Saga.Skills.Spelltable.SWORDMAN_COURAGEOUSASSAULT
1418102,Saga.Skills.Spelltable.SWORDMAN_COURAGEOUSASSAULT
1418103,Saga.Skills.Spelltable.SWORDMAN_COURAGEOUSASSAULT
1418104,Saga.Skills.Spelltable.SWORDMAN_COURAGEOUSASSAULT
1418105,Saga.Skills.Spelltable.SWORDMAN_COURAGEOUSASSAULT
1418106,Saga.Skills.Spelltable.SWORDMAN_COURAGEOUSASSAULT
1418107,Saga.Skills.Spelltable.SWORDMAN_COURAGEOUSASSAULT
1418108,Saga.Skills.Spelltable.SWORDMAN_COURAGEOUSASSAULT
1418109,Saga.Skills.Spelltable.SWORDMAN_COURAGEOUSASSAULT
1418110,Saga.Skills.Spelltable.SWORDMAN_COURAGEOUSASSAULT
1418111,Saga.Skills.Spelltable.SWORDMAN_COURAGEOUSASSAULT
1418401,Saga.Skills.Spelltable.SWORDMAN_CHARGEATTACK
1418402,Saga.Skills.Spelltable.SWORDMAN_CHARGEATTACK
1418403,Saga.Skills.Spelltable.SWORDMAN_CHARGEATTACK
1418404,Saga.Skills.Spelltable.SWORDMAN_CHARGEATTACK
1418405,Saga.Skills.Spelltable.SWORDMAN_CHARGEATTACK
1418406,Saga.Skills.Spelltable.SWORDMAN_CHARGEATTACK
1418407,Saga.Skills.Spelltable.SWORDMAN_CHARGEATTACK
1418408,Saga.Skills.Spelltable.SWORDMAN_CHARGEATTACK
1418409,Saga.Skills.Spelltable.SWORDMAN_CHARGEATTACK
1418410,Saga.Skills.Spelltable.SWORDMAN_CHARGEATTACK
1418411,Saga.Skills.Spelltable.SWORDMAN_CHARGEATTACK
1418501,Saga.Skills.Spelltable.SWORDMAN_MAGNUMBREAK
1418502,Saga.Skills.Spelltable.SWORDMAN_MAGNUMBREAK
1418503,Saga.Skills.Spelltable.SWORDMAN_MAGNUMBREAK
1418504,Saga.Skills.Spelltable.SWORDMAN_MAGNUMBREAK
1418505,Saga.Skills.Spelltable.SWORDMAN_MAGNUMBREAK
1418506,Saga.Skills.Spelltable.SWORDMAN_MAGNUMBREAK
1418507,Saga.Skills.Spelltable.SWORDMAN_MAGNUMBREAK
1418508,Saga.Skills.Spelltable.SWORDMAN_MAGNUMBREAK
1418509,Saga.Skills.Spelltable.SWORDMAN_MAGNUMBREAK
1418510,Saga.Skills.Spelltable.SWORDMAN_MAGNUMBREAK
1418511,Saga.Skills.Spelltable.SWORDMAN_MAGNUMBREAK
1418601,Saga.Skills.Spelltable.SWORDMAN_POKING
1418602,Saga.Skills.Spelltable.SWORDMAN_POKING
1418603,Saga.Skills.Spelltable.SWORDMAN_POKING
1418604,Saga.Skills.Spelltable.SWORDMAN_POKING
1418605,Saga.Skills.Spelltable.SWORDMAN_POKING
1418701,Saga.Skills.Spelltable.SWORDMAN_SHIELDCHARGE
1418702,Saga.Skills.Spelltable.SWORDMAN_SHIELDCHARGE
1418703,Saga.Skills.Spelltable.SWORDMAN_SHIELDCHARGE
1418704,Saga.Skills.Spelltable.SWORDMAN_SHIELDCHARGE
1418705,Saga.Skills.Spelltable.SWORDMAN_SHIELDCHARGE
1418706,Saga.Skills.Spelltable.SWORDMAN_SHIELDCHARGE
1418707,Saga.Skills.Spelltable.SWORDMAN_SHIELDCHARGE
1418708,Saga.Skills.Spelltable.SWORDMAN_SHIELDCHARGE
1418709,Saga.Skills.Spelltable.SWORDMAN_SHIELDCHARGE
1418710,Saga.Skills.Spelltable.SWORDMAN_SHIELDCHARGE
1418711,Saga.Skills.Spelltable.SWORDMAN_SHIELDCHARGE
1418901,Saga.Skills.Spelltable.SWORDMAN_SHIELDBLOCK
1418902,Saga.Skills.Spelltable.SWORDMAN_SHIELDBLOCK
1418903,Saga.Skills.Spelltable.SWORDMAN_SHIELDBLOCK
1418904,Saga.Skills.Spelltable.SWORDMAN_SHIELDBLOCK
1418905,Saga.Skills.Spelltable.SWORDMAN_SHIELDBLOCK
1418906,Saga.Skills.Spelltable.SWORDMAN_SHIELDBLOCK
1418907,Saga.Skills.Spelltable.SWORDMAN_SHIELDBLOCK
1418908,Saga.Skills.Spelltable.SWORDMAN_SHIELDBLOCK
1418909,Saga.Skills.Spelltable.SWORDMAN_SHIELDBLOCK
1418910,Saga.Skills.Spelltable.SWORDMAN_SHIELDBLOCK
1418911,Saga.Skills.Spelltable.SWORDMAN_SHIELDBLOCK
1427301,Saga.Skills.Spelltable.RECRUIT_PREDATORFOCUS
1427302,Saga.Skills.Spelltable.RECRUIT_PREDATORFOCUS
1427303,Saga.Skills.Spelltable.RECRUIT_PREDATORFOCUS
1427304,Saga.Skills.Spelltable.RECRUIT_PREDATORFOCUS
1427305,Saga.Skills.Spelltable.RECRUIT_PREDATORFOCUS
1427306,Saga.Skills.Spelltable.RECRUIT_PREDATORFOCUS
1427307,Saga.Skills.Spelltable.RECRUIT_PREDATORFOCUS
1427308,Saga.Skills.Spelltable.RECRUIT_PREDATORFOCUS
1427309,Saga.Skills.Spelltable.RECRUIT_PREDATORFOCUS
1427310,Saga.Skills.Spelltable.RECRUIT_PREDATORFOCUS
1427311,Saga.Skills.Spelltable.RECRUIT_PREDATORFOCUS
1427312,Saga.Skills.Spelltable.RECRUIT_PREDATORFOCUS
1427313,Saga.Skills.Spelltable.RECRUIT_PREDATORFOCUS
1427314,Saga.Skills.Spelltable.RECRUIT_PREDATORFOCUS
1427315,Saga.Skills.Spelltable.RECRUIT_PREDATORFOCUS
1427501,Saga.Skills.Spelltable.RECRUIT_TRACKING
1427502,Saga.Skills.Spelltable.RECRUIT_TRACKING
1427503,Saga.Skills.Spelltable.RECRUIT_TRACKING
1427504,Saga.Skills.Spelltable.RECRUIT_TRACKING
1427505,Saga.Skills.Spelltable.RECRUIT_TRACKING
1427506,Saga.Skills.Spelltable.RECRUIT_TRACKING
1427507,Saga.Skills.Spelltable.RECRUIT_TRACKING
1427508,Saga.Skills.Spelltable.RECRUIT_TRACKING
1427509,Saga.Skills.Spelltable.RECRUIT_TRACKING
1427510,Saga.Skills.Spelltable.RECRUIT_TRACKING
1427601,Saga.Skills.Spelltable.RECRUIT_DESIGNATION
1427602,Saga.Skills.Spelltable.RECRUIT_DESIGNATION
1427603,Saga.Skills.Spelltable.RECRUIT_DESIGNATION
1427604,Saga.Skills.Spelltable.RECRUIT_DESIGNATION
1427605,Saga.Skills.Spelltable.RECRUIT_DESIGNATION
1427606,Saga.Skills.Spelltable.RECRUIT_DESIGNATION
1427607,Saga.Skills.Spelltable.RECRUIT_DESIGNATION
1427608,Saga.Skills.Spelltable.RECRUIT_DESIGNATION
1427609,Saga.Skills.Spelltable.RECRUIT_DESIGNATION
1427610,Saga.Skills.Spelltable.RECRUIT_DESIGNATION
1427611,Saga.Skills.Spelltable.RECRUIT_DESIGNATION
1427701,Saga.Skills.Spelltable.RECRUIT_FREEZINGSHOT
1427702,Saga.Skills.Spelltable.RECRUIT_FREEZINGSHOT
1427803,Saga.Skills.Spelltable.RECRUIT_LURINGSHOT
1427804,Saga.Skills.Spelltable.RECRUIT_LURINGSHOT
1427805,Saga.Skills.Spelltable.RECRUIT_LURINGSHOT
1427806,Saga.Skills.Spelltable.RECRUIT_LURINGSHOT
1427807,Saga.Skills.Spelltable.RECRUIT_LURINGSHOT
1427808,Saga.Skills.Spelltable.RECRUIT_LURINGSHOT
1427809,Saga.Skills.Spelltable.RECRUIT_LURINGSHOT
1427810,Saga.Skills.Spelltable.RECRUIT_LURINGSHOT
1427901,Saga.Skills.Spelltable.RECRUIT_PIERCINGSHOT
1427902,Saga.Skills.Spelltable.RECRUIT_PIERCINGSHOT
1427903,Saga.Skills.Spelltable.RECRUIT_PIERCINGSHOT
1427904,Saga.Skills.Spelltable.RECRUIT_PIERCINGSHOT
1427905,Saga.Skills.Spelltable.RECRUIT_PIERCINGSHOT
1427906,Saga.Skills.Spelltable.RECRUIT_PIERCINGSHOT
1427907,Saga.Skills.Spelltable.RECRUIT_PIERCINGSHOT
1427908,Saga.Skills.Spelltable.RECRUIT_PIERCINGSHOT
1427909,Saga.Skills.Spelltable.RECRUIT_PIERCINGSHOT
1427910,Saga.Skills.Spelltable.RECRUIT_PIERCINGSHOT
1427911,Saga.Skills.Spelltable.RECRUIT_PIERCINGSHOT
1428001,Saga.Skills.Spelltable.RECRUIT_ROTATINGFIRESHOT
1428002,Saga.Skills.Spelltable.RECRUIT_ROTATINGFIRESHOT
1428003,Saga.Skills.Spelltable.RECRUIT_ROTATINGFIRESHOT
1428004,Saga.Skills.Spelltable.RECRUIT_ROTATINGFIRESHOT
1428005,Saga.Skills.Spelltable.RECRUIT_ROTATINGFIRESHOT
1428006,Saga.Skills.Spelltable.RECRUIT_ROTATINGFIRESHOT
1428007,Saga.Skills.Spelltable.RECRUIT_ROTATINGFIRESHOT
1428008,Saga.Skills.Spelltable.RECRUIT_ROTATINGFIRESHOT
1428009,Saga.Skills.Spelltable.RECRUIT_ROTATINGFIRESHOT
1428010,Saga.Skills.Spelltable.RECRUIT_ROTATINGFIRESHOT
1428101,Saga.Skills.Spelltable.RECRUIT_AIMINGSHOT
1428102,Saga.Skills.Spelltable.RECRUIT_AIMINGSHOT
1428103,Saga.Skills.Spelltable.RECRUIT_AIMINGSHOT
1428104,Saga.Skills.Spelltable.RECRUIT_AIMINGSHOT
1428105,Saga.Skills.Spelltable.RECRUIT_AIMINGSHOT
1428106,Saga.Skills.Spelltable.RECRUIT_AIMINGSHOT
1428201,Saga.Skills.Spelltable.RECRUIT_DISARM
1428202,Saga.Skills.Spelltable.RECRUIT_DISARM
1428203,Saga.Skills.Spelltable.RECRUIT_DISARM
1428204,Saga.Skills.Spelltable.RECRUIT_DISARM
1428205,Saga.Skills.Spelltable.RECRUIT_DISARM
1428206,Saga.Skills.Spelltable.RECRUIT_DISARM
1428207,Saga.Skills.Spelltable.RECRUIT_DISARM
1428208,Saga.Skills.Spelltable.RECRUIT_DISARM
1428209,Saga.Skills.Spelltable.RECRUIT_DISARM
1428210,Saga.Skills.Spelltable.RECRUIT_DISARM
1428211,Saga.Skills.Spelltable.RECRUIT_DISARM
1428212,Saga.Skills.Spelltable.RECRUIT_DISARM
1428213,Saga.Skills.Spelltable.RECRUIT_DISARM
1428214,Saga.Skills.Spelltable.RECRUIT_DISARM
1428215,Saga.Skills.Spelltable.RECRUIT_DISARM
1428401,Saga.Skills.Spelltable.RECRUIT_FOCUSSHOT
1428402,Saga.Skills.Spelltable.RECRUIT_FOCUSSHOT
1428403,Saga.Skills.Spelltable.RECRUIT_FOCUSSHOT
1428404,Saga.Skills.Spelltable.RECRUIT_FOCUSSHOT
1428405,Saga.Skills.Spelltable.RECRUIT_FOCUSSHOT
1428406,Saga.Skills.Spelltable.RECRUIT_FOCUSSHOT
1428407,Saga.Skills.Spelltable.RECRUIT_FOCUSSHOT
1428408,Saga.Skills.Spelltable.RECRUIT_FOCUSSHOT
1428409,Saga.Skills.Spelltable.RECRUIT_FOCUSSHOT
1428410,Saga.Skills.Spelltable.RECRUIT_FOCUSSHOT
1428411,Saga.Skills.Spelltable.RECRUIT_FOCUSSHOT
1428412,Saga.Skills.Spelltable.RECRUIT_FOCUSSHOT
1428413,Saga.Skills.Spelltable.RECRUIT_FOCUSSHOT
1428414,Saga.Skills.Spelltable.RECRUIT_FOCUSSHOT
1428415,Saga.Skills.Spelltable.RECRUIT_FOCUSSHOT
1428801,Saga.Skills.Spelltable.RECRUIT_FLINTESLAM
1428802,Saga.Skills.Spelltable.RECRUIT_FLINTESLAM
1428803,Saga.Skills.Spelltable.RECRUIT_FLINTESLAM
1428804,Saga.Skills.Spelltable.RECRUIT_FLINTESLAM
1428805,Saga.Skills.Spelltable.RECRUIT_FLINTESLAM
1428806,Saga.Skills.Spelltable.RECRUIT_FLINTESLAM
1428807,Saga.Skills.Spelltable.RECRUIT_FLINTESLAM
1428808,Saga.Skills.Spelltable.RECRUIT_FLINTESLAM
1428809,Saga.Skills.Spelltable.RECRUIT_FLINTESLAM
1428810,Saga.Skills.Spelltable.RECRUIT_FLINTESLAM
1428811,Saga.Skills.Spelltable.RECRUIT_FLINTESLAM
1428812,Saga.Skills.Spelltable.RECRUIT_FLINTESLAM
1428813,Saga.Skills.Spelltable.RECRUIT_FLINTESLAM
1428814,Saga.Skills.Spelltable.RECRUIT_FLINTESLAM
1428815,Saga.Skills.Spelltable.RECRUIT_FLINTESLAM
1428901,Saga.Skills.Spelltable.RECRUIT_POLLEOSHOT
1428902,Saga.Skills.Spelltable.RECRUIT_POLLEOSHOT
1428903,Saga.Skills.Spelltable.RECRUIT_POLLEOSHOT
1428904,Saga.Skills.Spelltable.RECRUIT_POLLEOSHOT
1428905,Saga.Skills.Spelltable.RECRUIT_POLLEOSHOT
1428906,Saga.Skills.Spelltable.RECRUIT_POLLEOSHOT
1428907,Saga.Skills.Spelltable.RECRUIT_POLLEOSHOT
1428908,Saga.Skills.Spelltable.RECRUIT_POLLEOSHOT
1428909,Saga.Skills.Spelltable.RECRUIT_POLLEOSHOT
1428910,Saga.Skills.Spelltable.RECRUIT_POLLEOSHOT
1428911,Saga.Skills.Spelltable.RECRUIT_POLLEOSHOT
1429001,Saga.Skills.Spelltable.RECRUIT_FINALBLOW
1429002,Saga.Skills.Spelltable.RECRUIT_FINALBLOW
1429003,Saga.Skills.Spelltable.RECRUIT_FINALBLOW
1429004,Saga.Skills.Spelltable.RECRUIT_FINALBLOW
1429005,Saga.Skills.Spelltable.RECRUIT_FINALBLOW
1429006,Saga.Skills.Spelltable.RECRUIT_FINALBLOW
1429007,Saga.Skills.Spelltable.RECRUIT_FINALBLOW
1429008,Saga.Skills.Spelltable.RECRUIT_FINALBLOW
1429009,Saga.Skills.Spelltable.RECRUIT_FINALBLOW
1429010,Saga.Skills.Spelltable.RECRUIT_FINALBLOW
1437101,Saga.Skills.Spelltable.THIEF_FATALCONTRACT
1437102,Saga.Skills.Spelltable.THIEF_FATALCONTRACT
1437103,Saga.Skills.Spelltable.THIEF_FATALCONTRACT
1437104,Saga.Skills.Spelltable.THIEF_FATALCONTRACT
1437105,Saga.Skills.Spelltable.THIEF_FATALCONTRACT
1437106,Saga.Skills.Spelltable.THIEF_FATALCONTRACT
1437501,Saga.Skills.Spelltable.THIEF_DISGUISE
1437502,Saga.Skills.Spelltable.THIEF_DISGUISE
1437503,Saga.Skills.Spelltable.THIEF_DISGUISE
1437504,Saga.Skills.Spelltable.THIEF_DISGUISE
1437505,Saga.Skills.Spelltable.THIEF_DISGUISE
1437506,Saga.Skills.Spelltable.THIEF_DISGUISE
1437507,Saga.Skills.Spelltable.THIEF_DISGUISE
1437508,Saga.Skills.Spelltable.THIEF_DISGUISE
1437509,Saga.Skills.Spelltable.THIEF_DISGUISE
1437510,Saga.Skills.Spelltable.THIEF_DISGUISE
1437511,Saga.Skills.Spelltable.THIEF_DISGUISE
1437701,Saga.Skills.Spelltable.THIEF_RAPIDRUN
1437702,Saga.Skills.Spelltable.THIEF_RAPIDRUN
1437703,Saga.Skills.Spelltable.THIEF_RAPIDRUN
1437704,Saga.Skills.Spelltable.THIEF_RAPIDRUN
1437705,Saga.Skills.Spelltable.THIEF_RAPIDRUN
1437706,Saga.Skills.Spelltable.THIEF_RAPIDRUN
1437707,Saga.Skills.Spelltable.THIEF_RAPIDRUN
1437708,Saga.Skills.Spelltable.THIEF_RAPIDRUN
1437709,Saga.Skills.Spelltable.THIEF_RAPIDRUN
1437710,Saga.Skills.Spelltable.THIEF_RAPIDRUN
1437801,Saga.Skills.Spelltable.THIEF_ARMORSMASH
1437802,Saga.Skills.Spelltable.THIEF_ARMORSMASH
1437803,Saga.Skills.Spelltable.THIEF_ARMORSMASH
1437804,Saga.Skills.Spelltable.THIEF_ARMORSMASH
1437805,Saga.Skills.Spelltable.THIEF_ARMORSMASH
1438001,Saga.Skills.Spelltable.THIEF_MANHOODBREAKER
1438002,Saga.Skills.Spelltable.THIEF_MANHOODBREAKER
1438003,Saga.Skills.Spelltable.THIEF_MANHOODBREAKER
1438004,Saga.Skills.Spelltable.THIEF_MANHOODBREAKER
1438005,Saga.Skills.Spelltable.THIEF_MANHOODBREAKER
1438006,Saga.Skills.Spelltable.THIEF_MANHOODBREAKER
1437201,Saga.Skills.Spelltable.THIEF_SHADOWSTEP
1437202,Saga.Skills.Spelltable.THIEF_SHADOWSTEP
1437203,Saga.Skills.Spelltable.THIEF_SHADOWSTEP
1437204,Saga.Skills.Spelltable.THIEF_SHADOWSTEP
1437205,Saga.Skills.Spelltable.THIEF_SHADOWSTEP
1437206,Saga.Skills.Spelltable.THIEF_SHADOWSTEP
1437207,Saga.Skills.Spelltable.THIEF_SHADOWSTEP
1437208,Saga.Skills.Spelltable.THIEF_SHADOWSTEP
1437209,Saga.Skills.Spelltable.THIEF_SHADOWSTEP
1437210,Saga.Skills.Spelltable.THIEF_SHADOWSTEP
1437211,Saga.Skills.Spelltable.THIEF_SHADOWSTEP
1446901,Saga.Skills.Spelltable.ENCHANTER_SWORDSTICKSTANCE
1446902,Saga.Skills.Spelltable.ENCHANTER_SWORDSTICKSTANCE
1446903,Saga.Skills.Spelltable.ENCHANTER_SWORDSTICKSTANCE
1446904,Saga.Skills.Spelltable.ENCHANTER_SWORDSTICKSTANCE
1446905,Saga.Skills.Spelltable.ENCHANTER_SWORDSTICKSTANCE
1446906,Saga.Skills.Spelltable.ENCHANTER_SWORDSTICKSTANCE
1446907,Saga.Skills.Spelltable.ENCHANTER_SWORDSTICKSTANCE
1446908,Saga.Skills.Spelltable.ENCHANTER_SWORDSTICKSTANCE
1446909,Saga.Skills.Spelltable.ENCHANTER_SWORDSTICKSTANCE
1446910,Saga.Skills.Spelltable.ENCHANTER_SWORDSTICKSTANCE
1446911,Saga.Skills.Spelltable.ENCHANTER_SWORDSTICKSTANCE
1447001,Saga.Skills.Spelltable.ENCHANTER_MENTALTRAINING
1447002,Saga.Skills.Spelltable.ENCHANTER_MENTALTRAINING
1447003,Saga.Skills.Spelltable.ENCHANTER_MENTALTRAINING
1447004,Saga.Skills.Spelltable.ENCHANTER_MENTALTRAINING
1447005,Saga.Skills.Spelltable.ENCHANTER_MENTALTRAINING
1447006,Saga.Skills.Spelltable.ENCHANTER_MENTALTRAINING
1447007,Saga.Skills.Spelltable.ENCHANTER_MENTALTRAINING
1447008,Saga.Skills.Spelltable.ENCHANTER_MENTALTRAINING
1447009,Saga.Skills.Spelltable.ENCHANTER_MENTALTRAINING
1447010,Saga.Skills.Spelltable.ENCHANTER_MENTALTRAINING
1447011,Saga.Skills.Spelltable.ENCHANTER_MENTALTRAINING
1447101,Saga.Skills.Spelltable.ENCHANTER_MEDITATION
1447102,Saga.Skills.Spelltable.ENCHANTER_MEDITATION
1447103,Saga.Skills.Spelltable.ENCHANTER_MEDITATION
1447104,Saga.Skills.Spelltable.ENCHANTER_MEDITATION
1447105,Saga.Skills.Spelltable.ENCHANTER_MEDITATION
1447201,Saga.Skills.Spelltable.ENCHANTER_MENTALPOWER
1447202,Saga.Skills.Spelltable.ENCHANTER_MENTALPOWER
1447203,Saga.Skills.Spelltable.ENCHANTER_MENTALPOWER
1447204,Saga.Skills.Spelltable.ENCHANTER_MENTALPOWER
1447205,Saga.Skills.Spelltable.ENCHANTER_MENTALPOWER
1447206,Saga.Skills.Spelltable.ENCHANTER_MENTALPOWER
1447207,Saga.Skills.Spelltable.ENCHANTER_MENTALPOWER
1447208,Saga.Skills.Spelltable.ENCHANTER_MENTALPOWER
1447209,Saga.Skills.Spelltable.ENCHANTER_MENTALPOWER
1447210,Saga.Skills.Spelltable.ENCHANTER_MENTALPOWER
1447211,Saga.Skills.Spelltable.ENCHANTER_MENTALPOWER
1447601,Saga.Skills.Spelltable.ENCHANTER_HEAL
1447602,Saga.Skills.Spelltable.ENCHANTER_HEAL
1447603,Saga.Skills.Spelltable.ENCHANTER_HEAL
1447604,Saga.Skills.Spelltable.ENCHANTER_HEAL
1447605,Saga.Skills.Spelltable.ENCHANTER_HEAL
1447606,Saga.Skills.Spelltable.ENCHANTER_HEAL
1447607,Saga.Skills.Spelltable.ENCHANTER_HEAL
1447608,Saga.Skills.Spelltable.ENCHANTER_HEAL
1447609,Saga.Skills.Spelltable.ENCHANTER_HEAL
1447610,Saga.Skills.Spelltable.ENCHANTER_HEAL
1447611,Saga.Skills.Spelltable.ENCHANTER_HEAL
1447901,Saga.Skills.Spelltable.ENCHANTER_WEAPONBLESSING
1447902,Saga.Skills.Spelltable.ENCHANTER_WEAPONBLESSING
1447903,Saga.Skills.Spelltable.ENCHANTER_WEAPONBLESSING
1448103,Saga.Skills.Spelltable.ENCHANTER_ICERESISTANCE
1448104,Saga.Skills.Spelltable.ENCHANTER_ICERESISTANCE
1448105,Saga.Skills.Spelltable.ENCHANTER_ICERESISTANCE
1448106,Saga.Skills.Spelltable.ENCHANTER_ICERESISTANCE
1448107,Saga.Skills.Spelltable.ENCHANTER_ICERESISTANCE
1448108,Saga.Skills.Spelltable.ENCHANTER_ICERESISTANCE
1448109,Saga.Skills.Spelltable.ENCHANTER_ICERESISTANCE
1448110,Saga.Skills.Spelltable.ENCHANTER_ICERESISTANCE
1448111,Saga.Skills.Spelltable.ENCHANTER_ICERESISTANCE
1448201,Saga.Skills.Spelltable.ENCHANTER_ICERESISTANCE
1448202,Saga.Skills.Spelltable.ENCHANTER_ICERESISTANCE
1448203,Saga.Skills.Spelltable.ENCHANTER_ICERESISTANCE
1448204,Saga.Skills.Spelltable.ENCHANTER_ICERESISTANCE
1448205,Saga.Skills.Spelltable.ENCHANTER_ICERESISTANCE
1448206,Saga.Skills.Spelltable.ENCHANTER_ICERESISTANCE
1448207,Saga.Skills.Spelltable.ENCHANTER_ICERESISTANCE
1448208,Saga.Skills.Spelltable.ENCHANTER_ICERESISTANCE
1448209,Saga.Skills.Spelltable.ENCHANTER_ICERESISTANCE
1448210,Saga.Skills.Spelltable.ENCHANTER_ICERESISTANCE
1448211,Saga.Skills.Spelltable.ENCHANTER_ICERESISTANCE
1448301,Saga.Skills.Spelltable.ENCHANTER_ICERESISTANCE
1448302,Saga.Skills.Spelltable.ENCHANTER_ICERESISTANCE
1448303,Saga.Skills.Spelltable.ENCHANTER_ICERESISTANCE
1448304,Saga.Skills.Spelltable.ENCHANTER_ICERESISTANCE
1448305,Saga.Skills.Spelltable.ENCHANTER_ICERESISTANCE
1448306,Saga.Skills.Spelltable.ENCHANTER_ICERESISTANCE
1448307,Saga.Skills.Spelltable.ENCHANTER_ICERESISTANCE
1448308,Saga.Skills.Spelltable.ENCHANTER_ICERESISTANCE
1448309,Saga.Skills.Spelltable.ENCHANTER_ICERESISTANCE
1448310,Saga.Skills.Spelltable.ENCHANTER_ICERESISTANCE
1448311,Saga.Skills.Spelltable.ENCHANTER_ICERESISTANCE
1448401,Saga.Skills.Spelltable.ENCHANTER_FIREBOLT
1448402,Saga.Skills.Spelltable.ENCHANTER_FIREBOLT
1448403,Saga.Skills.Spelltable.ENCHANTER_FIREBOLT
1448404,Saga.Skills.Spelltable.ENCHANTER_FIREBOLT
1448405,Saga.Skills.Spelltable.ENCHANTER_FIREBOLT
1448406,Saga.Skills.Spelltable.ENCHANTER_FIREBOLT
1448407,Saga.Skills.Spelltable.ENCHANTER_FIREBOLT
1448408,Saga.Skills.Spelltable.ENCHANTER_FIREBOLT
1448409,Saga.Skills.Spelltable.ENCHANTER_FIREBOLT
1448410,Saga.Skills.Spelltable.ENCHANTER_FIREBOLT
1448411,Saga.Skills.Spelltable.ENCHANTER_FIREBOLT
1448501,Saga.Skills.Spelltable.ENCHANTER_SWORDSTICKSTANCE
1448502,Saga.Skills.Spelltable.ENCHANTER_SWORDSTICKSTANCE
1448503,Saga.Skills.Spelltable.ENCHANTER_SWORDSTICKSTANCE
1448601,Saga.Skills.Spelltable.ENCHANTER_ICEARROW
1448602,Saga.Skills.Spelltable.ENCHANTER_ICEARROW
1448603,Saga.Skills.Spelltable.ENCHANTER_ICEARROW
1448604,Saga.Skills.Spelltable.ENCHANTER_ICEARROW
1448605,Saga.Skills.Spelltable.ENCHANTER_ICEARROW
1448606,Saga.Skills.Spelltable.ENCHANTER_ICEARROW
1448607,Saga.Skills.Spelltable.ENCHANTER_ICEARROW
1448608,Saga.Skills.Spelltable.ENCHANTER_ICEARROW
1448609,Saga.Skills.Spelltable.ENCHANTER_ICEARROW
1448610,Saga.Skills.Spelltable.ENCHANTER_ICEARROW
1448611,Saga.Skills.Spelltable.ENCHANTER_ICEARROW
1448701,Saga.Skills.Spelltable.ENCHANTER_CALLLIGHTING
1448702,Saga.Skills.Spelltable.ENCHANTER_CALLLIGHTING
1448703,Saga.Skills.Spelltable.ENCHANTER_CALLLIGHTING
1448704,Saga.Skills.Spelltable.ENCHANTER_CALLLIGHTING
1448705,Saga.Skills.Spelltable.ENCHANTER_CALLLIGHTING
1448706,Saga.Skills.Spelltable.ENCHANTER_CALLLIGHTING
1448707,Saga.Skills.Spelltable.ENCHANTER_CALLLIGHTING
1448708,Saga.Skills.Spelltable.ENCHANTER_CALLLIGHTING
1448709,Saga.Skills.Spelltable.ENCHANTER_CALLLIGHTING
1448710,Saga.Skills.Spelltable.ENCHANTER_CALLLIGHTING
1448711,Saga.Skills.Spelltable.ENCHANTER_CALLLIGHTING
1447501,Saga.Skills.Spelltable.ENCHANTER_MEMORIZE
1447502,Saga.Skills.Spelltable.ENCHANTER_MEMORIZE
1447503,Saga.Skills.Spelltable.ENCHANTER_MEMORIZE
1447504,Saga.Skills.Spelltable.ENCHANTER_MEMORIZE
1447505,Saga.Skills.Spelltable.ENCHANTER_MEMORIZE
1447506,Saga.Skills.Spelltable.ENCHANTER_MEMORIZE
1447507,Saga.Skills.Spelltable.ENCHANTER_MEMORIZE
1447508,Saga.Skills.Spelltable.ENCHANTER_MEMORIZE
1447509,Saga.Skills.Spelltable.ENCHANTER_MEMORIZE
1447510,Saga.Skills.Spelltable.ENCHANTER_MEMORIZE
1449401,Saga.Skills.Spelltable.ENCHANTER_SINISTERSTRIKE
1449402,Saga.Skills.Spelltable.ENCHANTER_SINISTERSTRIKE
1449403,Saga.Skills.Spelltable.ENCHANTER_SINISTERSTRIKE
1449404,Saga.Skills.Spelltable.ENCHANTER_SINISTERSTRIKE
1449405,Saga.Skills.Spelltable.ENCHANTER_SINISTERSTRIKE
1457401,Saga.Skills.Spelltable.THIEF_VENOMCOAT
1457402,Saga.Skills.Spelltable.THIEF_VENOMCOAT
1457403,Saga.Skills.Spelltable.THIEF_VENOMCOAT
1457404,Saga.Skills.Spelltable.THIEF_VENOMCOAT
1457405,Saga.Skills.Spelltable.THIEF_VENOMCOAT
1457406,Saga.Skills.Spelltable.THIEF_VENOMCOAT
1457407,Saga.Skills.Spelltable.THIEF_VENOMCOAT
1457408,Saga.Skills.Spelltable.THIEF_VENOMCOAT
1457409,Saga.Skills.Spelltable.THIEF_VENOMCOAT
1457410,Saga.Skills.Spelltable.THIEF_VENOMCOAT
6597710,Saga.Skills.Spelltable.GENERAL_POTION
6597711,Saga.Skills.Spelltable.GENERAL_POTION
6597712,Saga.Skills.Spelltable.GENERAL_POTION
6597713,Saga.Skills.Spelltable.GENERAL_POTION
6597714,Saga.Skills.Spelltable.GENERAL_POTION
6597715,Saga.Skills.Spelltable.GENERAL_POTION
6598401,Saga.Skills.Spelltable.GENERAL_TREASUREBOXDANCEANIMA
6598501,Saga.Skills.Spelltable.GENERAL_TREASUREBOXDANCEANIMA
6598601,Saga.Skills.Spelltable.GENERAL_TREASUREBOXDANCEANIMA
6598701,Saga.Skills.Spelltable.GENERAL_TREASUREBOXDANCEANIMA
6598801,Saga.Skills.Spelltable.GENERAL_TREASUREBOXDANCEANIMA
6598901,Saga.Skills.Spelltable.GENERAL_TREASUREBOXDANCEANIMA
6599001,Saga.Skills.Spelltable.GENERAL_TREASUREBOXDANCEANIMA
6599101,Saga.Skills.Spelltable.GENERAL_TREASUREBOXDANCEANIMA
6599201,Saga.Skills.Spelltable.GENERAL_TREASUREBOXDANCEANIMA
6597702,Saga.Skills.Spelltable.GENERAL_POTION
6597703,Saga.Skills.Spelltable.GENERAL_POTION
6597704,Saga.Skills.Spelltable.GENERAL_POTION
6597705,Saga.Skills.Spelltable.GENERAL_POTION
6597706,Saga.Skills.Spelltable.GENERAL_POTION
6597707,Saga.Skills.Spelltable.GENERAL_POTION
6597708,Saga.Skills.Spelltable.GENERAL_POTION
6597709,Saga.Skills.Spelltable.GENERAL_POTION
6604901,Saga.Skills.Spelltable.GENERAL_THREEMINUTESRICECAKE
6605187,Saga.Skills.Spelltable.GENERAL_SWIFTPOTION
6605188,Saga.Skills.Spelltable.GENERAL_SWIFTPOTION
6605189,Saga.Skills.Spelltable.GENERAL_SWIFTPOTION
6605190,Saga.Skills.Spelltable.GENERAL_SWIFTPOTION
6605191,Saga.Skills.Spelltable.GENERAL_SWIFTPOTION
6611601,Saga.Skills.Spelltable.MONSTER_CURSE
1428301,Saga.Skills.Spelltable.RECRUIT_BAYONETSTANCE
1428302,Saga.Skills.Spelltable.RECRUIT_BAYONETSTANCE
1428303,Saga.Skills.Spelltable.RECRUIT_BAYONETSTANCE
1417901,Saga.Skills.Spelltable.SWORDMAN_DEFENSIVESTANCE
1457201,Saga.Skills.Spelltable.CLOWN_FRESHAIR
1457202,Saga.Skills.Spelltable.CLOWN_FRESHAIR
1457203,Saga.Skills.Spelltable.CLOWN_FRESHAIR
1457204,Saga.Skills.Spelltable.CLOWN_FRESHAIR
1457205,Saga.Skills.Spelltable.CLOWN_FRESHAIR
1457701,Saga.Skills.Spelltable.CLOWN_SELFHEAL
1457702,Saga.Skills.Spelltable.CLOWN_SELFHEAL
1457703,Saga.Skills.Spelltable.CLOWN_SELFHEAL
1457704,Saga.Skills.Spelltable.CLOWN_SELFHEAL
1457705,Saga.Skills.Spelltable.CLOWN_SELFHEAL
1457706,Saga.Skills.Spelltable.CLOWN_SELFHEAL
1457707,Saga.Skills.Spelltable.CLOWN_SELFHEAL
1457708,Saga.Skills.Spelltable.CLOWN_SELFHEAL
1457709,Saga.Skills.Spelltable.CLOWN_SELFHEAL
1457710,Saga.Skills.Spelltable.CLOWN_SELFHEAL
1457711,Saga.Skills.Spelltable.CLOWN_SELFHEAL
1458001,Saga.Skills.Spelltable.CLOWN_SUPPORTIVESTANCE
1438701,Saga.Skills.Spelltable.THIEF_ASSASSINATIONSTANCE